student_id,student_first_name,student_last_name,student_email
1001,August,Bashirian,august.bashirian@example.com
1002,Mose,Gislason,mose_gislason@example.net
1003,Roman,Raynor,roman.raynor@example.net
1004,Clarita,D'Amore,d.amore.clarita@example.com
1005,Mohammed,Smith,mohammed_smith@example.org
1006,Lowell,Funk,funk.lowell@example.net
1007,Burl,Lewis,burl_lewis@example.net
1008,Shirley,Pfeffer,pfeffer.shirley@example.com
1009,Zula,Von,zula_von@example.com
10010,Hermelinda,Corwin,corwin_hermelinda@example.net
10011,Alyson,Abbott,abbott.alyson@example.org
10012,Cierra,Konopelski,cierra_konopelski@example.com
10013,Jessika,Heineman,jessika.heineman@example.org
10014,Dianna,Reichel,reichel.dianna@example.com
10015,Elvia,Hane,elvia.hane@example.net
10016,Odilia,Balistreri,balistreri_odilia@example.net
10017,Alva,Hirthe,alva.hirthe@example.com
10018,Ehtel,Bruen,bruen.ehtel@example.org
10019,Marcus,Klocko,klocko.marcus@example.net
10020,Shelton,Emard,shelton_emard@example.org
10021,Fredda,Schamberger,schamberger.fredda@example.net
10022,Fred,Zieme,fred.zieme@example.net
10023,Claude,Bayer,claude.bayer@example.com
10024,Alexis,Bogisich,alexis_bogisich@example.com
10025,Perry,Denesik,denesik.perry@example.net
10026,Ammie,Block,block.ammie@example.net
10027,Lorena,Moen,lorena.moen@example.org
10028,Cherie,Thompson,thompson.cherie@example.com
10029,Sherrill,Hintz,sherrill.hintz@example.net
10030,Desire,Kling,desire.kling@example.com
10031,Jake,Beatty,beatty.jake@example.net
10032,Rocky,Hartmann,hartmann_rocky@example.com
10033,Leandro,Thompson,leandro.thompson@example.org
10034,Erasmo,Schultz,erasmo.schultz@example.com
10035,Loralee,Considine,considine.loralee@example.net
10036,Leonel,West,leonel_west@example.com
10037,Odette,Rice,rice_odette@example.net
10038,Lester,Heineman,lester.heineman@example.org
10039,Marcos,Rutherford,marcos_rutherford@example.org
10040,Davis,Langworth,langworth.davis@example.net
10041,Tanika,Auer,auer.tanika@example.net
10042,Loyd,Quitzon,quitzon_loyd@example.net
10043,Susannah,Blanda,blanda_susannah@example.com
10044,Quentin,Mosciski,mosciski.quentin@example.net
10045,Alisia,Pagac,pagac.alisia@example.net
10046,Suellen,Willms,willms.suellen@example.org
10047,Emelda,Harvey,emelda.harvey@example.net
10048,Marcelene,Kassulke,marcelene_kassulke@example.org
10049,Serita,Mraz,serita_mraz@example.org
10050,Sung,Walsh,walsh.sung@example.net
10051,Lazaro,Quigley,lazaro.quigley@example.com
10052,Jamey,Stoltenberg,jamey.stoltenberg@example.net
10053,Hobert,Bergstrom,hobert_bergstrom@example.com
10054,Ernie,Wiegand,ernie_wiegand@example.org
10055,Magaly,Welch,magaly.welch@example.org
10056,Glayds,Kautzer,kautzer_glayds@example.com
10057,Rolando,Weber,rolando.weber@example.org
10058,Harris,Hegmann,harris_hegmann@example.org
10059,Nickie,Hessel,hessel.nickie@example.com
10060,Glen,Dietrich,dietrich.glen@example.org
10061,Ambrose,Brakus,brakus_ambrose@example.org
10062,Eloisa,Treutel,eloisa.treutel@example.net
10063,Johnnie,Weissnat,weissnat_johnnie@example.org
10064,Tula,Smitham,tula.smitham@example.net
10065,Johnie,Kohler,kohler.johnie@example.net
10066,Fran,Macejkovic,macejkovic.fran@example.org
10067,Neville,Beahan,neville.beahan@example.net
10068,Alva,Hansen,hansen_alva@example.com
10069,Leif,Schuppe,schuppe_leif@example.com
10070,Larue,Prosacco,prosacco_larue@example.org
10071,Roderick,Hahn,roderick_hahn@example.net
10072,Renaldo,Rutherford,renaldo.rutherford@example.net
10073,Chang,Murphy,murphy_chang@example.org
10074,Yan,Lubowitz,lubowitz_yan@example.org
10075,Racheal,Sporer,sporer_racheal@example.org
10076,Mariano,Goodwin,mariano_goodwin@example.org
10077,Jasmin,Kutch,kutch_jasmin@example.net
10078,Haywood,Jakubowski,haywood.jakubowski@example.com
10079,Vicenta,Considine,vicenta_considine@example.org
10080,Tessa,Klein,klein_tessa@example.net
10081,Kamala,Borer,kamala_borer@example.net
10082,Cameron,Bayer,bayer_cameron@example.org
10083,Khalilah,McClure,khalilah.mcclure@example.net
10084,Janella,Terry,janella.terry@example.com
10085,Deidra,Gleichner,deidra.gleichner@example.org
10086,Randolph,Robel,robel_randolph@example.net
10087,Grace,Goyette,grace.goyette@example.com
10088,Lynwood,Zemlak,zemlak_lynwood@example.net
10089,Pablo,Mitchell,mitchell.pablo@example.com
10090,Jinny,Hane,hane.jinny@example.org
10091,Leana,Muller,muller_leana@example.com
10092,Eloy,Doyle,eloy_doyle@example.com
10093,Laurence,Kuhn,kuhn.laurence@example.net
10094,Cedrick,Von,von_cedrick@example.com
10095,Donnette,Crooks,donnette_crooks@example.net
10096,Kurtis,Douglas,douglas.kurtis@example.net
10097,Wm,Hand,hand_wm@example.org
10098,Mariel,Johns,johns_mariel@example.com
10099,Jamey,Runte,runte_jamey@example.org
100100,Noelia,Rolfson,noelia_rolfson@example.org
100101,Ghislaine,Raynor,ghislaine.raynor@example.com
100102,Lamar,Gleason,gleason.lamar@example.com
100103,Carson,Wiegand,carson_wiegand@example.org
100104,Gwendolyn,McCullough,mccullough_gwendolyn@example.com
100105,Chadwick,Brekke,brekke.chadwick@example.net
100106,Dane,Rohan,rohan_dane@example.com
100107,Eugena,Grant,grant.eugena@example.com
100108,Nicky,Greenholt,nicky.greenholt@example.com
100109,Klara,Oberbrunner,oberbrunner.klara@example.org
100110,Loyce,Nikolaus,nikolaus_loyce@example.org
100111,Francesco,Nolan,nolan_francesco@example.org
100112,Johnie,O'Keefe,o_keefe_johnie@example.net
100113,Clay,White,clay.white@example.net
100114,Lance,Kris,kris_lance@example.net
100115,Ginette,Conn,ginette.conn@example.org
100116,Kanesha,Renner,kanesha_renner@example.net
100117,Merrill,Murazik,murazik.merrill@example.org
100118,Cordell,Von,cordell_von@example.org
100119,Alan,Flatley,flatley_alan@example.net
100120,Cedric,Renner,cedric.renner@example.com
100121,Donald,Rowe,donald_rowe@example.org
100122,Timothy,Sauer,timothy_sauer@example.org
100123,Bethanie,Ferry,bethanie.ferry@example.net
100124,Lacie,Hessel,lacie.hessel@example.org
100125,Tamie,Wiegand,tamie.wiegand@example.com
100126,Autumn,Abbott,autumn.abbott@example.net
100127,Marcos,Hayes,marcos_hayes@example.com
100128,Mellie,Harber,harber_mellie@example.net
100129,Joesph,Bartoletti,joesph.bartoletti@example.org
100130,Rupert,Nienow,rupert.nienow@example.com
100131,Winona,Toy,toy.winona@example.org
100132,Guadalupe,Hessel,guadalupe_hessel@example.net
100133,Randi,Gleichner,randi_gleichner@example.org
100134,Marg,Christiansen,marg.christiansen@example.net
100135,Jen,Nikolaus,nikolaus.jen@example.com
100136,Marcus,Hegmann,hegmann.marcus@example.net
100137,Juan,Kutch,kutch_juan@example.com
100138,Cory,Marks,marks_cory@example.org
100139,Debbie,Dickinson,debbie_dickinson@example.net
100140,Dewitt,Bahringer,dewitt_bahringer@example.net
100141,Sophie,Schuster,sophie_schuster@example.org
100142,Stephaine,Dibbert,stephaine_dibbert@example.org
100143,Tommie,Goldner,goldner.tommie@example.org
100144,Sergio,Ratke,sergio_ratke@example.org
100145,Jan,Herman,jan_herman@example.com
100146,Edmund,Gottlieb,edmund.gottlieb@example.org
100147,Rueben,Rutherford,rutherford.rueben@example.org
100148,Vivan,Parisian,vivan.parisian@example.org
100149,Carmine,Blanda,blanda_carmine@example.net
100150,Kyla,Stamm,kyla.stamm@example.net
100151,Marth,Feil,feil.marth@example.org
100152,Indira,Flatley,indira_flatley@example.org
100153,Crystal,Medhurst,crystal_medhurst@example.org
100154,Lenny,Lesch,lesch_lenny@example.com
100155,Sonja,Blanda,sonja_blanda@example.com
100156,Eldon,Witting,witting_eldon@example.net
100157,Ivory,Shields,ivory.shields@example.net
100158,Elicia,Mosciski,elicia.mosciski@example.org
100159,Elois,Gottlieb,elois.gottlieb@example.net
100160,Jerrold,Cartwright,cartwright_jerrold@example.org
100161,Alonso,Brakus,alonso_brakus@example.org
100162,Florence,Feest,feest_florence@example.net
100163,Stacey,Spinka,stacey.spinka@example.com
100164,Kristi,Miller,kristi.miller@example.org
100165,Osvaldo,Tremblay,osvaldo_tremblay@example.net
100166,Theron,Morissette,morissette.theron@example.com
100167,Dane,Nitzsche,dane_nitzsche@example.com
100168,Kiyoko,Leannon,leannon.kiyoko@example.org
100169,Jorge,Ernser,ernser.jorge@example.com
100170,Mariel,Spinka,mariel.spinka@example.net
100171,Sybil,Brakus,brakus.sybil@example.org
100172,Kathern,Auer,auer.kathern@example.net
100173,Lloyd,Kub,lloyd_kub@example.com
100174,Bruce,Yost,yost_bruce@example.org
100175,Janina,McGlynn,mcglynn.janina@example.net
100176,Rufina,Carroll,carroll_rufina@example.net
100177,Lynwood,Lang,lynwood.lang@example.org
100178,Katlyn,Waters,katlyn_waters@example.net
100179,Darcey,Wisozk,wisozk_darcey@example.net
100180,Alphonse,Harvey,alphonse_harvey@example.org
100181,Judson,Mitchell,mitchell.judson@example.org
100182,Man,Feest,feest.man@example.com
100183,Arline,Heineman,arline_heineman@example.org
100184,Georgene,Swaniawski,swaniawski.georgene@example.com
100185,Chester,Wiegand,chester.wiegand@example.org
100186,Lauri,Rutherford,rutherford_lauri@example.com
100187,Julius,Hayes,julius.hayes@example.net
100188,Rodrigo,Wilderman,wilderman_rodrigo@example.net
100189,Thaddeus,Boehm,boehm.thaddeus@example.com
100190,Glen,Doyle,doyle.glen@example.com
100191,Enoch,McLaughlin,mclaughlin_enoch@example.org
100192,Marlys,Kiehn,kiehn.marlys@example.net
100193,Edelmira,Shields,shields_edelmira@example.com
100194,Altha,Gerhold,gerhold_altha@example.org
100195,Casey,Auer,auer.casey@example.org
100196,Ricardo,Fadel,ricardo_fadel@example.org
100197,Krysten,Ziemann,krysten_ziemann@example.net
100198,Filiberto,Von,von_filiberto@example.com
100199,Damien,Turcotte,damien_turcotte@example.org
100200,Robert,Collins,robert.collins@example.com